200.000000, -6541.700000,106.663625
400.000000, -6404.500000,76.369005
600.000000, -6200.300000,25.519581
800.000000, -6143.800000,35.796983
1000.000000, -5957.100000,86.931013
1200.000000, -5827.100000,100.212579
1400.000000, -5735.800000,18.088228
1600.000000, -5650.500000,45.062457
1800.000000, -5573.000000,28.776727
2000.000000, -5535.000000,16.127616
2200.000000, -5438.500000,46.643595
2400.000000, -5162.900000,42.722371
2600.000000, -4993.600000,96.259732
2800.000000, -4875.400000,114.347960
3000.000000, -4772.200000,64.763446
3200.000000, -4614.700000,29.630542
3400.000000, -4539.100000,35.132905
3600.000000, -4423.300000,1.486271
3800.000000, -4219.200000,16.064371
4000.000000, -4095.700000,64.099368
4200.000000, -4048.800000,49.268286
4400.000000, -4010.100000,37.030271
4600.000000, -3827.500000,20.712919
4800.000000, -3733.100000,50.564820
5000.000000, -3590.800000,95.564031
5200.000000, -3573.100000,101.161262
5400.000000, -3433.800000,18.088228
5600.000000, -3296.100000,61.632792
5800.000000, -3221.200000,62.233624
6000.000000, -3187.000000,73.048614
6200.000000, -3115.100000,1.549516
6400.000000, -2922.300000,208.805194
6600.000000, -2922.300000,208.805194
6800.000000, -2884.000000,196.693670
7000.000000, -2700.500000,138.665875
7200.000000, -2617.700000,112.482216
7400.000000, -2524.400000,82.978166
7600.000000, -2511.000000,78.740714
7800.000000, -2496.000000,73.997297
8000.000000, -2370.000000,34.152599
8200.000000, -2350.000000,27.828043
8400.000000, -2302.900000,12.933716
8600.000000, -2300.000000,12.016655
8800.000000, -2238.600000,7.399730
9000.000000, -2205.400000,17.898492
9200.000000, -2140.600000,38.390051
9400.000000, -2131.400000,41.299346
9600.000000, -2098.200000,25.993922
9800.000000, -1978.500000,11.858541
10000.000000, -1909.400000,33.709880
10200.000000, -1760.800000,80.701326
10400.000000, -1744.100000,85.982330
10600.000000, -1744.100000,85.982330
10800.000000, -1692.000000,102.457796
11000.000000, -1538.500000,63.403667
11200.000000, -1497.800000,46.422236
11400.000000, -1428.200000,24.412784
11600.000000, -1385.200000,10.814990
11800.000000, -1385.200000,10.814990
12000.000000, -1385.200000,10.814990
12200.000000, -1320.100000,9.771438
12400.000000, -1319.400000,9.992797
12600.000000, -1278.000000,23.084627
12800.000000, -1238.900000,35.449133
13000.000000, -1215.500000,42.848862
13200.000000, -1126.800000,209.595763
13400.000000, -1126.800000,209.595763
13600.000000, -1075.100000,193.246788
13800.000000, -1068.600000,191.191307
14000.000000, -1042.400000,182.906140
14200.000000, -1042.400000,182.906140
14400.000000, -1019.200000,175.569656
14600.000000, -1003.500000,170.604880
14800.000000, -983.400000,164.248702
15000.000000, -983.400000,164.248702
15200.000000, -950.300000,153.781563
15400.000000, -950.300000,153.781563
15600.000000, -933.700000,148.532182
15800.000000, -869.600000,128.261982
16000.000000, -813.800000,110.616473
16200.000000, -813.800000,110.616473
16400.000000, -786.400000,101.951832
16600.000000, -780.000000,99.927974
16800.000000, -745.800000,89.112984
17000.000000, -731.000000,84.432814
17200.000000, -714.800000,79.309924
17400.000000, -689.700000,71.372607
17600.000000, -659.000000,61.980642
17800.000000, -659.000000,61.980642
18000.000000, -659.000000,61.980642
18200.000000, -659.000000,61.980642
18400.000000, -651.400000,59.577311
18600.000000, -627.400000,51.987845
18800.000000, -565.400000,32.381723
19000.000000, -554.600000,28.966463
19200.000000, -549.700000,27.416947
19400.000000, -549.700000,27.416947
19600.000000, -533.900000,22.420549
19800.000000, -520.900000,18.309588
20000.000000, -509.100000,14.578100
20200.000000, -508.600000,14.419986
20400.000000, -508.600000,14.419986
20600.000000, -508.600000,14.419986
20800.000000, -477.600000,4.616925
21000.000000, -474.200000,3.541751
21200.000000, -474.200000,3.541751
21400.000000, -474.200000,3.541751
21600.000000, -463.300000,0.094868
21800.000000, -462.600000,0.126491
22000.000000, -461.500000,0.474342
22200.000000, -461.500000,0.474342
22400.000000, -461.500000,0.474342
22600.000000, -461.500000,0.474342
22800.000000, -461.500000,0.474342
23000.000000, -442.500000,6.482669
23200.000000, -442.500000,6.482669
23400.000000, -437.500000,8.063808
23600.000000, -417.400000,14.419986
23800.000000, -405.300000,18.246342
24000.000000, -405.300000,18.246342
24200.000000, -405.300000,18.246342
24400.000000, -405.300000,18.246342
24600.000000, -388.600000,25.487958
24800.000000, -388.600000,25.487958
25000.000000, -388.600000,25.487958
25200.000000, -388.600000,25.487958
25400.000000, -388.600000,25.487958
25600.000000, -379.300000,22.547040
25800.000000, -371.300000,20.017218
26000.000000, -357.000000,15.495161
26200.000000, -357.000000,15.495161
26400.000000, -357.000000,15.495161
26600.000000, -346.700000,12.238015
26800.000000, -346.700000,12.238015
27000.000000, -346.400000,12.143146
27200.000000, -333.100000,49.995610
27400.000000, -329.100000,48.730699
27600.000000, -327.000000,48.066620
27800.000000, -299.100000,39.243866
28000.000000, -298.200000,38.959261
28200.000000, -298.200000,38.959261
28400.000000, -298.200000,38.959261
28600.000000, -298.200000,38.959261
28800.000000, -298.000000,38.896015
29000.000000, -298.000000,38.896015
29200.000000, -298.000000,38.896015
29400.000000, -287.400000,35.544001
29600.000000, -264.900000,28.428876
29800.000000, -264.900000,28.428876
30000.000000, -264.900000,28.428876
30200.000000, -264.900000,28.428876
30400.000000, -263.300000,27.922912
30600.000000, -263.300000,27.922912
30800.000000, -263.300000,27.922912
31000.000000, -263.300000,27.922912
31200.000000, -258.200000,26.310150
31400.000000, -258.200000,26.310150
31600.000000, -258.200000,26.310150
31800.000000, -258.200000,26.310150
32000.000000, -258.200000,26.310150
32200.000000, -258.200000,26.310150
32400.000000, -255.300000,25.393090
32600.000000, -255.300000,25.393090
32800.000000, -255.300000,25.393090
33000.000000, -255.300000,25.393090
33200.000000, -255.300000,25.393090
33400.000000, -255.300000,25.393090
33600.000000, -255.300000,25.393090
33800.000000, -255.300000,25.393090
34000.000000, -255.300000,25.393090
34200.000000, -247.500000,22.926513
34400.000000, -245.300000,29.187823
34600.000000, -241.900000,28.112648
34800.000000, -241.900000,28.112648
35000.000000, -241.900000,28.112648
35200.000000, -239.100000,27.227211
35400.000000, -239.100000,27.227211
35600.000000, -239.100000,27.227211
35800.000000, -239.100000,27.227211
36000.000000, -239.100000,27.227211
36200.000000, -239.100000,27.227211
36400.000000, -239.100000,27.227211
36600.000000, -239.100000,27.227211
36800.000000, -234.900000,25.899054
37000.000000, -234.900000,25.899054
37200.000000, -234.900000,25.899054
37400.000000, -234.900000,25.899054
37600.000000, -234.900000,25.899054
37800.000000, -234.900000,25.899054
38000.000000, -234.200000,25.677695
38200.000000, -234.200000,25.677695
38400.000000, -230.500000,24.507652
38600.000000, -230.500000,24.507652
38800.000000, -221.400000,21.629979
39000.000000, -221.400000,21.629979
39200.000000, -221.400000,21.629979
39400.000000, -212.000000,18.657438
39600.000000, -212.000000,18.657438
39800.000000, -212.000000,18.657438
40000.000000, -212.000000,18.657438
40200.000000, -209.100000,17.740378
40400.000000, -200.000000,14.862705
40600.000000, -200.000000,14.862705
40800.000000, -199.900000,14.831082
41000.000000, -199.900000,14.831082
41200.000000, -199.000000,14.546477
41400.000000, -199.000000,14.546477
41600.000000, -199.000000,14.546477
41800.000000, -199.000000,14.546477
42000.000000, -196.700000,13.819153
42200.000000, -194.500000,20.080463
42400.000000, -194.500000,20.080463
42600.000000, -191.600000,19.163403
42800.000000, -191.500000,19.131780
43000.000000, -191.500000,19.131780
43200.000000, -188.300000,18.119851
43400.000000, -188.300000,18.119851
43600.000000, -188.300000,18.119851
43800.000000, -188.300000,18.119851
44000.000000, -188.300000,18.119851
44200.000000, -188.300000,18.119851
44400.000000, -188.300000,18.119851
44600.000000, -188.300000,18.119851
44800.000000, -188.300000,18.119851
45000.000000, -188.300000,18.119851
45200.000000, -188.300000,18.119851
45400.000000, -188.200000,18.088228
45600.000000, -188.200000,18.088228
45800.000000, -181.400000,15.937879
46000.000000, -181.400000,15.937879
46200.000000, -181.400000,15.937879
46400.000000, -181.400000,15.937879
46600.000000, -181.400000,15.937879
46800.000000, -178.400000,14.989196
47000.000000, -178.400000,14.989196
47200.000000, -178.400000,14.989196
47400.000000, -178.400000,14.989196
47600.000000, -168.900000,11.985032
47800.000000, -164.000000,10.435516
48000.000000, -158.100000,8.569772
48200.000000, -153.900000,7.241616
48400.000000, -153.900000,7.241616
48600.000000, -153.900000,7.241616
48800.000000, -153.900000,7.241616
49000.000000, -150.100000,6.039950
49200.000000, -150.000000,6.008328
49400.000000, -144.200000,4.174207
49600.000000, -141.400000,3.288769
49800.000000, -141.400000,3.288769
50000.000000, -141.400000,3.288769
50200.000000, -140.300000,2.940918
50400.000000, -139.100000,2.561445
50600.000000, -139.100000,2.561445
50800.000000, -139.100000,2.561445
51000.000000, -139.100000,2.561445
51200.000000, -139.100000,2.561445
51400.000000, -139.100000,2.561445
51600.000000, -139.100000,2.561445
51800.000000, -139.100000,2.561445
52000.000000, -139.100000,2.561445
52200.000000, -139.100000,2.561445
52400.000000, -139.100000,2.561445
52600.000000, -139.100000,2.561445
52800.000000, -139.100000,2.561445
53000.000000, -139.100000,2.561445
53200.000000, -139.100000,2.561445
53400.000000, -135.000000,1.264911
53600.000000, -135.000000,1.264911
53800.000000, -135.000000,1.264911
54000.000000, -135.000000,1.264911
54200.000000, -135.000000,1.264911
54400.000000, -135.000000,1.264911
54600.000000, -135.000000,1.264911
54800.000000, -135.000000,1.264911
55000.000000, -134.000000,2.213594
55200.000000, -134.000000,2.213594
55400.000000, -127.000000,0.000000
55600.000000, -127.000000,0.000000
55800.000000, -127.000000,0.000000
56000.000000, -120.800000,1.960612
56200.000000, -120.800000,1.960612
56400.000000, -118.600000,2.656313
56600.000000, -118.600000,2.656313
56800.000000, -118.600000,2.656313
57000.000000, -118.600000,2.656313
57200.000000, -118.600000,2.656313
57400.000000, -118.600000,2.656313
57600.000000, -118.600000,2.656313
57800.000000, -118.600000,2.656313
58000.000000, -117.800000,2.909295
58200.000000, -117.800000,2.909295
58400.000000, -117.800000,2.909295
58600.000000, -117.800000,2.909295
58800.000000, -117.800000,2.909295
59000.000000, -117.800000,2.909295
59200.000000, -114.700000,5.913459
59400.000000, -112.800000,5.312626
59600.000000, -112.800000,5.312626
59800.000000, -112.800000,5.312626
60000.000000, -111.600000,4.933153
60200.000000, -111.600000,4.933153
60400.000000, -110.300000,8.633018
60600.000000, -110.300000,8.633018
60800.000000, -110.300000,8.633018
61000.000000, -110.300000,8.633018
61200.000000, -109.400000,8.348413
61400.000000, -109.400000,8.348413
61600.000000, -109.400000,8.348413
61800.000000, -106.400000,7.399730
62000.000000, -106.400000,7.399730
62200.000000, -106.400000,7.399730
62400.000000, -105.500000,7.115125
62600.000000, -105.500000,7.115125
62800.000000, -105.500000,7.115125
63000.000000, -104.600000,6.830520
63200.000000, -104.200000,6.704029
63400.000000, -100.900000,5.660477
63600.000000, -100.900000,5.660477
63800.000000, -99.700000,5.281004
64000.000000, -99.700000,5.281004
64200.000000, -96.200000,4.174207
64400.000000, -96.200000,4.174207
64600.000000, -90.600000,2.403331
64800.000000, -90.600000,2.403331
65000.000000, -90.600000,2.403331
65200.000000, -86.900000,1.233288
65400.000000, -86.900000,1.233288
65600.000000, -86.900000,1.233288
65800.000000, -86.900000,1.233288
66000.000000, -86.900000,1.233288
66200.000000, -86.900000,1.233288
66400.000000, -86.900000,1.233288
66600.000000, -84.900000,0.600833
66800.000000, -84.900000,0.600833
67000.000000, -84.900000,0.600833
67200.000000, -84.000000,0.316228
67400.000000, -82.800000,0.063246
67600.000000, -82.800000,0.063246
67800.000000, -82.800000,0.063246
68000.000000, -82.800000,0.063246
68200.000000, -82.800000,0.063246
68400.000000, -80.600000,0.758947
68600.000000, -80.100000,0.917061
68800.000000, -80.100000,0.917061
69000.000000, -78.100000,1.549516
69200.000000, -78.100000,1.549516
69400.000000, -78.100000,1.549516
69600.000000, -78.100000,1.549516
69800.000000, -78.100000,1.549516
70000.000000, -78.100000,1.549516
70200.000000, -76.100000,2.181972
70400.000000, -76.100000,2.181972
70600.000000, -74.300000,2.751182
70800.000000, -73.800000,2.909295
71000.000000, -73.800000,2.909295
71200.000000, -72.900000,3.193900
71400.000000, -72.900000,3.193900
71600.000000, -72.900000,3.193900
71800.000000, -72.900000,3.193900
72000.000000, -72.500000,3.320392
72200.000000, -72.500000,3.320392
72400.000000, -72.200000,3.415260
72600.000000, -71.500000,3.636619
72800.000000, -71.500000,3.636619
73000.000000, -71.500000,3.636619
73200.000000, -71.400000,3.668242
73400.000000, -71.300000,3.699865
73600.000000, -71.300000,3.699865
73800.000000, -71.300000,3.699865
74000.000000, -71.300000,3.699865
74200.000000, -69.900000,4.142584
74400.000000, -68.100000,4.711794
74600.000000, -66.600000,2.023858
74800.000000, -66.600000,2.023858
75000.000000, -66.500000,1.739253
75200.000000, -66.500000,1.739253
75400.000000, -66.400000,1.770875
75600.000000, -64.700000,0.221359
75800.000000, -64.700000,0.221359
76000.000000, -64.700000,0.221359
76200.000000, -64.500000,0.158114
76400.000000, -62.700000,0.411096
76600.000000, -62.700000,0.411096
76800.000000, -62.700000,0.411096
77000.000000, -61.000000,4.427189
77200.000000, -59.100000,3.826356
77400.000000, -59.100000,3.826356
77600.000000, -59.100000,3.826356
77800.000000, -57.800000,3.415260
78000.000000, -57.000000,3.162278
78200.000000, -57.000000,3.162278
78400.000000, -56.900000,3.130655
78600.000000, -56.500000,3.004164
78800.000000, -54.400000,6.451046
79000.000000, -54.100000,6.356178
79200.000000, -54.100000,6.356178
79400.000000, -54.100000,6.356178
79600.000000, -53.300000,6.103196
79800.000000, -53.300000,6.103196
80000.000000, -51.600000,5.565609
80200.000000, -51.600000,5.565609
80400.000000, -51.600000,5.565609
80600.000000, -51.600000,5.565609
80800.000000, -51.200000,5.439118
81000.000000, -51.200000,5.439118
81200.000000, -51.200000,5.439118
81400.000000, -51.200000,5.439118
81600.000000, -51.200000,5.439118
81800.000000, -50.300000,5.154513
82000.000000, -49.900000,5.028021
82200.000000, -48.200000,4.490434
82400.000000, -48.200000,4.490434
82600.000000, -48.200000,4.490434
82800.000000, -48.200000,4.490434
83000.000000, -48.200000,4.490434
83200.000000, -47.000000,4.110961
83400.000000, -47.000000,4.110961
83600.000000, -46.500000,3.952847
83800.000000, -45.700000,3.699865
84000.000000, -43.800000,3.099032
84200.000000, -43.400000,2.972541
84400.000000, -43.400000,2.972541
84600.000000, -43.200000,2.909295
84800.000000, -43.200000,2.909295
85000.000000, -42.700000,2.751182
85200.000000, -41.900000,2.498199
85400.000000, -41.900000,2.498199
85600.000000, -41.900000,2.498199
85800.000000, -41.400000,2.340085
86000.000000, -40.700000,2.118726
86200.000000, -39.700000,1.802498
86400.000000, -39.700000,1.802498
86600.000000, -39.700000,1.802498
86800.000000, -39.500000,1.739253
87000.000000, -39.300000,1.676007
87200.000000, -39.300000,1.676007
87400.000000, -38.900000,1.549516
87600.000000, -38.300000,1.359779
87800.000000, -38.300000,1.359779
88000.000000, -37.400000,1.075174
88200.000000, -37.400000,1.075174
88400.000000, -36.900000,0.917061
88600.000000, -36.500000,0.790569
88800.000000, -36.500000,0.790569
89000.000000, -36.500000,0.790569
89200.000000, -35.600000,0.505964
89400.000000, -35.200000,0.379473
89600.000000, -35.100000,0.347851
89800.000000, -35.000000,0.316228
90000.000000, -33.900000,0.031623
90200.000000, -33.000000,0.316228
90400.000000, -33.000000,0.316228
90600.000000, -32.900000,0.347851
90800.000000, -32.900000,0.347851
91000.000000, -32.900000,0.347851
91200.000000, -31.900000,0.664078
91400.000000, -31.000000,1.897367
91600.000000, -31.000000,1.897367
91800.000000, -30.200000,1.644384
92000.000000, -30.200000,1.644384
92200.000000, -29.500000,1.423025
92400.000000, -29.500000,1.423025
92600.000000, -27.500000,0.790569
92800.000000, -27.500000,0.790569
93000.000000, -27.500000,0.790569
93200.000000, -27.400000,0.758947
93400.000000, -27.200000,0.695701
93600.000000, -26.600000,0.505964
93800.000000, -26.600000,0.505964
94000.000000, -26.100000,0.347851
94200.000000, -25.900000,0.284605
94400.000000, -25.900000,0.284605
94600.000000, -25.900000,0.284605
94800.000000, -25.900000,0.284605
95000.000000, -25.900000,0.284605
95200.000000, -25.200000,0.063246
95400.000000, -25.200000,0.063246
95600.000000, -25.200000,0.063246
95800.000000, -24.200000,0.252982
96000.000000, -24.200000,0.252982
96200.000000, -24.100000,0.284605
96400.000000, -24.100000,0.284605
96600.000000, -24.100000,0.284605
96800.000000, -23.600000,0.126491
97000.000000, -23.400000,0.189737
97200.000000, -23.400000,0.189737
97400.000000, -22.500000,0.474342
97600.000000, -22.500000,0.474342
97800.000000, -22.500000,0.474342
98000.000000, -22.500000,0.474342
98200.000000, -22.300000,0.537587
98400.000000, -22.000000,0.632456
98600.000000, -22.000000,0.632456
98800.000000, -21.700000,0.727324
99000.000000, -20.800000,0.885438
99200.000000, -20.300000,0.727324
99400.000000, -20.300000,0.727324
99600.000000, -20.300000,0.727324
99800.000000, -20.000000,0.632456
100000.000000, -19.900000,0.600833
100200.000000, -19.900000,0.600833
100400.000000, -19.900000,0.600833
100600.000000, -19.900000,0.600833
100800.000000, -19.900000,0.600833
101000.000000, -19.900000,0.600833
101200.000000, -19.900000,0.600833
101400.000000, -19.900000,0.600833
101600.000000, -19.900000,0.600833
101800.000000, -19.900000,0.600833
102000.000000, -19.900000,0.600833
102200.000000, -19.900000,0.600833
102400.000000, -19.900000,0.600833
102600.000000, -19.900000,0.600833
102800.000000, -19.900000,0.600833
103000.000000, -19.900000,0.600833
103200.000000, -19.900000,0.600833
103400.000000, -19.900000,0.600833
103600.000000, -19.900000,0.600833
103800.000000, -19.900000,0.600833
104000.000000, -19.900000,0.600833
104200.000000, -19.900000,0.600833
104400.000000, -19.900000,0.600833
104600.000000, -19.900000,0.600833
104800.000000, -19.900000,0.600833
105000.000000, -19.900000,0.600833
105200.000000, -19.900000,0.600833
105400.000000, -19.900000,0.600833
105600.000000, -19.900000,0.600833
105800.000000, -19.900000,0.600833
106000.000000, -19.900000,0.600833
106200.000000, -19.900000,0.600833
106400.000000, -19.900000,0.600833
106600.000000, -19.900000,0.600833
106800.000000, -19.900000,0.600833
107000.000000, -19.900000,0.600833
107200.000000, -19.900000,0.600833
107400.000000, -19.900000,0.600833
107600.000000, -19.900000,0.600833
107800.000000, -19.900000,0.600833
108000.000000, -19.900000,0.600833
108200.000000, -19.900000,0.600833
108400.000000, -19.900000,0.600833
108600.000000, -19.900000,0.600833
108800.000000, -19.900000,0.600833
109000.000000, -19.900000,0.600833
109200.000000, -19.900000,0.600833
109400.000000, -19.900000,0.600833
109600.000000, -19.900000,0.600833
109800.000000, -19.900000,0.600833
110000.000000, -19.900000,0.600833
110200.000000, -19.900000,0.600833
110400.000000, -19.900000,0.600833
110600.000000, -19.900000,0.600833
110800.000000, -19.900000,0.600833
111000.000000, -19.900000,0.600833
111200.000000, -19.900000,0.600833
111400.000000, -19.900000,0.600833
111600.000000, -19.900000,0.600833
111800.000000, -19.900000,0.600833
112000.000000, -19.900000,0.600833
112200.000000, -19.900000,0.600833
112400.000000, -19.900000,0.600833
112600.000000, -19.900000,0.600833
112800.000000, -19.900000,0.600833
113000.000000, -19.900000,0.600833
113200.000000, -19.900000,0.600833
113400.000000, -19.900000,0.600833
113600.000000, -19.900000,0.600833
113800.000000, -19.900000,0.600833
114000.000000, -19.900000,0.600833
114200.000000, -19.900000,0.600833
114400.000000, -19.900000,0.600833
114600.000000, -19.900000,0.600833
114800.000000, -19.900000,0.600833
115000.000000, -19.900000,0.600833
115200.000000, -19.900000,0.600833
115400.000000, -19.900000,0.600833
115600.000000, -19.900000,0.600833
115800.000000, -19.900000,0.600833
116000.000000, -19.900000,0.600833
116200.000000, -19.900000,0.600833
116400.000000, -19.900000,0.600833
116600.000000, -19.900000,0.600833
116800.000000, -19.900000,0.600833
117000.000000, -19.900000,0.600833
117200.000000, -19.900000,0.600833
117400.000000, -19.900000,0.600833
117600.000000, -19.900000,0.600833
117800.000000, -19.900000,0.600833
118000.000000, -19.900000,0.600833
118200.000000, -19.900000,0.600833
118400.000000, -19.900000,0.600833
118600.000000, -19.900000,0.600833
118800.000000, -19.900000,0.600833
119000.000000, -19.900000,0.600833
119200.000000, -19.900000,0.600833
119400.000000, -19.900000,0.600833
119600.000000, -19.900000,0.600833
119800.000000, -19.900000,0.600833
120000.000000, -19.900000,0.600833
120200.000000, -19.900000,0.600833
120400.000000, -19.900000,0.600833
120600.000000, -19.900000,0.600833
120800.000000, -19.900000,0.600833
121000.000000, -19.900000,0.600833
121200.000000, -19.900000,0.600833
121400.000000, -19.900000,0.600833
121600.000000, -19.900000,0.600833
121800.000000, -19.900000,0.600833
122000.000000, -19.900000,0.600833
122200.000000, -19.900000,0.600833
122400.000000, -19.900000,0.600833
122600.000000, -19.900000,0.600833
122800.000000, -19.900000,0.600833
123000.000000, -19.900000,0.600833
123200.000000, -19.900000,0.600833
123400.000000, -19.900000,0.600833
123600.000000, -19.900000,0.600833
123800.000000, -19.900000,0.600833
124000.000000, -19.900000,0.600833
124200.000000, -19.900000,0.600833
124400.000000, -19.900000,0.600833
124600.000000, -19.900000,0.600833
124800.000000, -19.900000,0.600833
125000.000000, -19.900000,0.600833
125200.000000, -19.900000,0.600833
125400.000000, -19.900000,0.600833
125600.000000, -19.900000,0.600833
125800.000000, -19.900000,0.600833
126000.000000, -19.900000,0.600833
126200.000000, -19.900000,0.600833
126400.000000, -19.900000,0.600833
126600.000000, -19.900000,0.600833
126800.000000, -19.900000,0.600833
127000.000000, -19.900000,0.600833
127200.000000, -19.900000,0.600833
127400.000000, -19.900000,0.600833
127600.000000, -19.900000,0.600833
127800.000000, -19.900000,0.600833
128000.000000, -19.900000,0.600833
128200.000000, -19.900000,0.600833
128400.000000, -19.900000,0.600833
128600.000000, -19.900000,0.600833
128800.000000, -19.900000,0.600833
129000.000000, -19.900000,0.600833
129200.000000, -19.800000,0.569210
129400.000000, -19.800000,0.569210
129600.000000, -19.800000,0.569210
129800.000000, -19.800000,0.569210
130000.000000, -19.800000,0.569210
130200.000000, -19.800000,0.569210
130400.000000, -19.800000,0.569210
130600.000000, -19.800000,0.569210
130800.000000, -19.800000,0.569210
131000.000000, -19.800000,0.569210
131200.000000, -19.800000,0.569210
131400.000000, -19.800000,0.569210
131600.000000, -19.800000,0.569210
131800.000000, -19.800000,0.569210
132000.000000, -19.800000,0.569210
132200.000000, -19.800000,0.569210
132400.000000, -19.800000,0.569210
132600.000000, -19.800000,0.569210
132800.000000, -19.800000,0.569210
133000.000000, -19.800000,0.569210
133200.000000, -19.800000,0.569210
133400.000000, -19.800000,0.569210
133600.000000, -19.800000,0.569210
133800.000000, -19.800000,0.569210
134000.000000, -19.800000,0.569210
134200.000000, -19.800000,0.569210
134400.000000, -19.800000,0.569210
134600.000000, -19.800000,0.569210
134800.000000, -19.800000,0.569210
135000.000000, -19.800000,0.569210
135200.000000, -19.800000,0.569210
135400.000000, -19.800000,0.569210
135600.000000, -19.800000,0.569210
135800.000000, -19.800000,0.569210
136000.000000, -19.800000,0.569210
136200.000000, -19.800000,0.569210
136400.000000, -19.800000,0.569210
136600.000000, -19.800000,0.569210
136800.000000, -19.800000,0.569210
137000.000000, -19.800000,0.569210
137200.000000, -19.800000,0.569210
137400.000000, -19.800000,0.569210
137600.000000, -19.800000,0.569210
137800.000000, -19.800000,0.569210
138000.000000, -19.800000,0.569210
138200.000000, -19.800000,0.569210
138400.000000, -19.800000,0.569210
138600.000000, -19.800000,0.569210
138800.000000, -19.800000,0.569210
139000.000000, -19.800000,0.569210
139200.000000, -19.800000,0.569210
139400.000000, -19.800000,0.569210
139600.000000, -19.800000,0.569210
139800.000000, -19.800000,0.569210
140000.000000, -19.800000,0.569210
140200.000000, -19.800000,0.569210
140400.000000, -19.800000,0.569210
140600.000000, -19.800000,0.569210
140800.000000, -19.800000,0.569210
141000.000000, -19.800000,0.569210
141200.000000, -19.800000,0.569210
141400.000000, -19.800000,0.569210
141600.000000, -19.800000,0.569210
141800.000000, -19.800000,0.569210
142000.000000, -19.800000,0.569210
142200.000000, -19.800000,0.569210
142400.000000, -19.800000,0.569210
142600.000000, -19.800000,0.569210
142800.000000, -19.800000,0.569210
143000.000000, -19.800000,0.569210
143200.000000, -19.700000,0.537587
143400.000000, -19.700000,0.537587
143600.000000, -19.700000,0.537587
143800.000000, -19.700000,0.537587
144000.000000, -19.700000,0.537587
144200.000000, -19.700000,0.537587
144400.000000, -19.700000,0.537587
144600.000000, -19.700000,0.537587
144800.000000, -19.700000,0.537587
145000.000000, -19.700000,0.537587
145200.000000, -19.700000,0.537587
145400.000000, -19.700000,0.537587
145600.000000, -19.700000,0.537587
145800.000000, -19.700000,0.537587
146000.000000, -19.700000,0.537587
146200.000000, -19.700000,0.537587
146400.000000, -19.700000,0.537587
146600.000000, -19.700000,0.537587
146800.000000, -19.700000,0.537587
147000.000000, -19.700000,0.537587
147200.000000, -19.700000,0.537587
147400.000000, -19.700000,0.537587
147600.000000, -19.700000,0.537587
147800.000000, -19.700000,0.537587
148000.000000, -19.700000,0.537587
148200.000000, -19.700000,0.537587
148400.000000, -19.700000,0.537587
148600.000000, -19.700000,0.537587
148800.000000, -19.700000,0.537587
149000.000000, -19.700000,0.537587
149200.000000, -19.700000,0.537587
149400.000000, -19.700000,0.537587
149600.000000, -19.700000,0.537587
149800.000000, -19.700000,0.537587
150000.000000, -19.700000,0.537587
150200.000000, -19.700000,0.537587
150400.000000, -19.700000,0.537587
150600.000000, -19.700000,0.537587
150800.000000, -19.700000,0.537587
151000.000000, -19.700000,0.537587
151200.000000, -19.700000,0.537587
151400.000000, -19.700000,0.537587
151600.000000, -19.700000,0.537587
151800.000000, -19.700000,0.537587
152000.000000, -19.700000,0.537587
152200.000000, -19.700000,0.537587
152400.000000, -19.700000,0.537587
152600.000000, -19.700000,0.537587
152800.000000, -19.700000,0.537587
153000.000000, -19.700000,0.537587
153200.000000, -19.700000,0.537587
153400.000000, -19.700000,0.537587
153600.000000, -19.700000,0.537587
153800.000000, -19.700000,0.537587
154000.000000, -19.700000,0.537587
154200.000000, -19.700000,0.537587
154400.000000, -19.700000,0.537587
154600.000000, -19.700000,0.537587
154800.000000, -19.700000,0.537587
155000.000000, -19.700000,0.537587
155200.000000, -19.700000,0.537587
155400.000000, -19.700000,0.537587
155600.000000, -19.700000,0.537587
155800.000000, -19.700000,0.537587
156000.000000, -19.700000,0.537587
156200.000000, -19.700000,0.537587
156400.000000, -19.700000,0.537587
156600.000000, -19.700000,0.537587
156800.000000, -19.700000,0.537587
157000.000000, -19.700000,0.537587
157200.000000, -19.700000,0.537587
157400.000000, -19.700000,0.537587
157600.000000, -19.700000,0.537587
157800.000000, -19.700000,0.537587
158000.000000, -19.700000,0.537587
158200.000000, -19.700000,0.537587
158400.000000, -19.700000,0.537587
158600.000000, -19.700000,0.537587
158800.000000, -19.700000,0.537587
159000.000000, -19.700000,0.537587
159200.000000, -19.700000,0.537587
159400.000000, -19.700000,0.537587
159600.000000, -19.700000,0.537587
159800.000000, -19.400000,0.442719
160000.000000, -19.400000,0.442719
160200.000000, -19.400000,0.442719
160400.000000, -19.400000,0.442719
160600.000000, -19.400000,0.442719
160800.000000, -19.400000,0.442719
161000.000000, -19.400000,0.442719
161200.000000, -19.400000,0.442719
161400.000000, -19.400000,0.442719
161600.000000, -19.400000,0.442719
161800.000000, -19.400000,0.442719
162000.000000, -19.400000,0.442719
162200.000000, -19.400000,0.442719
162400.000000, -19.400000,0.442719
162600.000000, -19.300000,0.411096
162800.000000, -19.300000,0.411096
163000.000000, -19.300000,0.411096
163200.000000, -19.300000,0.411096
163400.000000, -19.300000,0.411096
163600.000000, -19.300000,0.411096
163800.000000, -19.300000,0.411096
164000.000000, -19.300000,0.411096
164200.000000, -19.300000,0.411096
164400.000000, -19.300000,0.411096
164600.000000, -19.300000,0.411096
164800.000000, -19.300000,0.411096
165000.000000, -19.300000,0.411096
165200.000000, -19.300000,0.411096
165400.000000, -19.300000,0.411096
165600.000000, -19.300000,0.411096
165800.000000, -19.300000,0.411096
166000.000000, -19.300000,0.411096
166200.000000, -19.300000,0.411096
166400.000000, -19.300000,0.411096
166600.000000, -19.300000,0.411096
166800.000000, -19.300000,0.411096
167000.000000, -19.300000,0.411096
167200.000000, -19.300000,0.411096
167400.000000, -19.300000,0.411096
167600.000000, -19.300000,0.411096
167800.000000, -19.300000,0.411096
168000.000000, -19.300000,0.411096
168200.000000, -19.300000,0.411096
168400.000000, -19.300000,0.411096
168600.000000, -19.300000,0.411096
168800.000000, -19.300000,0.411096
169000.000000, -19.300000,0.411096
169200.000000, -19.300000,0.411096
169400.000000, -19.300000,0.411096
169600.000000, -19.300000,0.411096
169800.000000, -19.300000,0.411096
170000.000000, -19.300000,0.411096
170200.000000, -19.300000,0.411096
170400.000000, -19.300000,0.411096
170600.000000, -19.200000,0.379473
170800.000000, -19.200000,0.379473
171000.000000, -19.200000,0.379473
171200.000000, -19.200000,0.379473
171400.000000, -19.200000,0.379473
171600.000000, -19.200000,0.379473
171800.000000, -19.200000,0.379473
172000.000000, -19.200000,0.379473
172200.000000, -19.200000,0.379473
172400.000000, -19.200000,0.379473
172600.000000, -19.200000,0.379473
172800.000000, -19.200000,0.379473
173000.000000, -19.200000,0.379473
173200.000000, -19.200000,0.379473
173400.000000, -18.900000,0.284605
173600.000000, -18.900000,0.284605
173800.000000, -18.900000,0.284605
174000.000000, -18.900000,0.284605
174200.000000, -18.900000,0.284605
174400.000000, -18.900000,0.284605
174600.000000, -18.900000,0.284605
174800.000000, -18.900000,0.284605
175000.000000, -18.900000,0.284605
175200.000000, -18.900000,0.284605
175400.000000, -18.900000,0.284605
175600.000000, -18.900000,0.284605
175800.000000, -18.800000,0.252982
176000.000000, -18.800000,0.252982
176200.000000, -18.800000,0.252982
176400.000000, -18.800000,0.252982
176600.000000, -18.800000,0.252982
176800.000000, -18.800000,0.252982
177000.000000, -18.600000,0.189737
177200.000000, -18.600000,0.189737
177400.000000, -18.600000,0.189737
177600.000000, -18.500000,0.158114
177800.000000, -18.500000,0.158114
178000.000000, -18.500000,0.158114
178200.000000, -18.500000,0.158114
178400.000000, -18.500000,0.158114
178600.000000, -18.500000,0.158114
178800.000000, -18.300000,0.094868
179000.000000, -18.300000,0.094868
179200.000000, -18.300000,0.094868
179400.000000, -18.300000,0.094868
179600.000000, -18.300000,0.094868
179800.000000, -18.300000,0.094868
180000.000000, -18.300000,0.094868
180200.000000, -18.300000,0.094868
180400.000000, -18.300000,0.094868
180600.000000, -18.300000,0.094868
180800.000000, -18.300000,0.094868
181000.000000, -18.300000,0.094868
181200.000000, -18.100000,0.031623
181400.000000, -18.100000,0.031623
181600.000000, -18.100000,0.031623
181800.000000, -18.000000,0.000000
182000.000000, -18.000000,0.000000
182200.000000, -18.000000,0.000000
182400.000000, -18.000000,0.000000
182600.000000, -18.000000,0.000000
182800.000000, -18.000000,0.000000
183000.000000, -17.900000,0.031623
183200.000000, -17.900000,0.031623
183400.000000, -17.900000,0.031623
183600.000000, -17.900000,0.031623
183800.000000, -17.600000,0.126491
184000.000000, -17.600000,0.126491
184200.000000, -17.600000,0.126491
184400.000000, -17.600000,0.126491
184600.000000, -17.600000,0.126491
184800.000000, -17.500000,0.158114
185000.000000, -17.300000,0.221359
185200.000000, -17.300000,0.221359
185400.000000, -17.300000,0.221359
185600.000000, -17.300000,0.221359
185800.000000, -17.300000,0.221359
186000.000000, -17.300000,0.221359
186200.000000, -17.300000,0.221359
186400.000000, -17.300000,0.221359
186600.000000, -17.300000,0.221359
186800.000000, -17.200000,0.252982
187000.000000, -17.200000,0.252982
187200.000000, -17.200000,0.252982
187400.000000, -16.900000,0.347851
187600.000000, -16.900000,0.347851
187800.000000, -16.900000,0.347851
188000.000000, -16.900000,0.347851
188200.000000, -16.900000,0.347851
188400.000000, -16.900000,0.347851
188600.000000, -16.800000,0.379473
188800.000000, -16.800000,0.379473
189000.000000, -16.800000,0.379473
189200.000000, -16.800000,0.379473
189400.000000, -16.800000,0.379473
189600.000000, -16.700000,0.411096
189800.000000, -16.700000,0.411096
190000.000000, -16.700000,0.411096
190200.000000, -16.700000,0.411096
190400.000000, -16.700000,0.411096
190600.000000, -16.700000,0.411096
190800.000000, -16.700000,0.411096
191000.000000, -16.700000,0.411096
191200.000000, -16.700000,0.411096
191400.000000, -16.600000,0.126491
191600.000000, -16.600000,0.126491
191800.000000, -16.500000,0.158114
192000.000000, -16.500000,0.158114
192200.000000, -16.500000,0.158114
192400.000000, -16.500000,0.158114
192600.000000, -16.500000,0.158114
192800.000000, -16.400000,0.189737
193000.000000, -16.400000,0.189737
193200.000000, -16.200000,0.252982
193400.000000, -16.200000,0.252982
193600.000000, -16.100000,0.284605
193800.000000, -16.100000,0.284605
194000.000000, -16.100000,0.284605
194200.000000, -16.100000,0.284605
194400.000000, -15.800000,0.063246
194600.000000, -15.800000,0.063246
194800.000000, -15.800000,0.063246
195000.000000, -15.800000,0.063246
195200.000000, -15.800000,0.063246
195400.000000, -15.600000,0.126491
195600.000000, -15.600000,0.126491
195800.000000, -15.600000,0.126491
196000.000000, -15.600000,0.126491
196200.000000, -15.600000,0.126491
196400.000000, -15.600000,0.126491
196600.000000, -15.600000,0.126491
196800.000000, -15.600000,0.126491
197000.000000, -15.300000,0.411096
197200.000000, -15.200000,0.379473
197400.000000, -15.200000,0.379473
197600.000000, -15.200000,0.379473
197800.000000, -15.200000,0.379473
198000.000000, -15.100000,0.347851
198200.000000, -14.900000,0.284605
198400.000000, -14.900000,0.284605
198600.000000, -14.900000,0.284605
198800.000000, -14.900000,0.284605
199000.000000, -14.900000,0.284605
199200.000000, -14.900000,0.284605
199400.000000, -14.800000,0.252982
199600.000000, -14.800000,0.252982
199800.000000, -14.700000,0.221359
200000.000000, -14.700000,0.221359
